Species,Class,Order,Family,Game,CreavesSpecies,CreavesGroup,Subside
Accipiter gentilis,Oiseaux,Accipitriformes,Accipitridés,0,Autour des palombes,"Rapaces, oiseaux d’eau, échassiers ou limicoles",1.37
Accipiter nisus,Oiseaux,Accipitriformes,Accipitridés,0,Epervier d'Europe,"Rapaces, oiseaux d’eau, échassiers ou limicoles",1.37
Aquila chrysaetos,Oiseaux,Accipitriformes,Accipitridés,0,Aigle royal,"Rapaces, oiseaux d’eau, échassiers ou limicoles",1.37
Aquila clanga,Oiseaux,Accipitriformes,Accipitridés,0,Aigle criard,"Rapaces, oiseaux d’eau, échassiers ou limicoles",1.37
Aquila pomarina,Oiseaux,Accipitriformes,Accipitridés,0,Aigle pomarin,"Rapaces, oiseaux d’eau, échassiers ou limicoles",1.37
Buteo buteo,Oiseaux,Accipitriformes,Accipitridés,0,Buse variable,"Rapaces, oiseaux d’eau, échassiers ou limicoles",1.37
Buteo lagopus,Oiseaux,Accipitriformes,Accipitridés,0,Buse pattue,"Rapaces, oiseaux d’eau, échassiers ou limicoles",1.37
Circaetus gallicus,Oiseaux,Accipitriformes,Accipitridés,0,Circaète Jean le blanc,"Rapaces, oiseaux d’eau, échassiers ou limicoles",1.37
Circus aeruginosus,Oiseaux,Accipitriformes,Accipitridés,0,Busard des roseaux,"Rapaces, oiseaux d’eau, échassiers ou limicoles",1.37
Circus cyaneus,Oiseaux,Accipitriformes,Accipitridés,0,Busard Saint Martin,"Rapaces, oiseaux d’eau, échassiers ou limicoles",1.37
Circus macrourus,Oiseaux,Accipitriformes,Accipitridés,0,Busard pâle,"Rapaces, oiseaux d’eau, échassiers ou limicoles",1.37
Circus pygargus,Oiseaux,Accipitriformes,Accipitridés,0,Busard cendré,"Rapaces, oiseaux d’eau, échassiers ou limicoles",1.37
Elanus caeruleus,Oiseaux,Accipitriformes,Accipitridés,0,Elanion blanc,"Rapaces, oiseaux d’eau, échassiers ou limicoles",1.37
Gyps fulvus,Oiseaux,Accipitriformes,Accipitridés,0,Vautour fauve,"Rapaces, oiseaux d’eau, échassiers ou limicoles",1.37
Haliaeetus albicilla,Oiseaux,Accipitriformes,Accipitridés,0,Pygargue à queue blanche,"Rapaces, oiseaux d’eau, échassiers ou limicoles",1.37
Hieraaetus fasciatus,Oiseaux,Accipitriformes,Accipitridés,0,Aigle de Bonelli,"Rapaces, oiseaux d’eau, échassiers ou limicoles",1.37
Hieraaetus pennatus,Oiseaux,Accipitriformes,Accipitridés,0,Aigle botté,"Rapaces, oiseaux d’eau, échassiers ou limicoles",1.37
Milvus migrans,Oiseaux,Accipitriformes,Accipitridés,0,Milan noir,"Rapaces, oiseaux d’eau, échassiers ou limicoles",1.37
Milvus milvus,Oiseaux,Accipitriformes,Accipitridés,0,Milan royal,"Rapaces, oiseaux d’eau, échassiers ou limicoles",1.37
Neophron percnopterus,Oiseaux,Accipitriformes,Accipitridés,0,Vautour percnoptère,"Rapaces, oiseaux d’eau, échassiers ou limicoles",1.37
Pernis apivorus,Oiseaux,Accipitriformes,Accipitridés,0,Bondrée apivore,"Rapaces, oiseaux d’eau, échassiers ou limicoles",1.37
Acrocephalus agricola,Oiseaux,Passériformes,Acrocéphalidés,0,Rousserolle isabelle,Autres oiseaux et chauves-souris,1.12
Acrocephalus arundinaceus,Oiseaux,Passériformes,Acrocéphalidés,0,Rousserolle turdoïde,Autres oiseaux et chauves-souris,1.12
Acrocephalus paludicola,Oiseaux,Passériformes,Acrocéphalidés,0,Phragmite aquatique,Autres oiseaux et chauves-souris,1.12
Acrocephalus palustris,Oiseaux,Passériformes,Acrocéphalidés,0,Rousserolle verderolle,Autres oiseaux et chauves-souris,1.12
Acrocephalus schoenobaenus,Oiseaux,Passériformes,Acrocéphalidés,0,Phragmite des joncs,Autres oiseaux et chauves-souris,1.12
Acrocephalus scirpaceus,Oiseaux,Passériformes,Acrocéphalidés,0,Rousserolle effarvatte,Autres oiseaux et chauves-souris,1.12
Hippolais icterina,Oiseaux,Passériformes,Acrocéphalidés,0,Hypolaïs ictérine,Autres oiseaux et chauves-souris,1.12
Hippolais polyglotta,Oiseaux,Passériformes,Acrocéphalidés,0,Hypolaïs polyglotte,Autres oiseaux et chauves-souris,1.12
Aegithalos caudatus,Oiseaux,Passériformes,Aegithalidés,0,Orite à longue queue,Autres oiseaux et chauves-souris,1.12
Alauda arvensis,Oiseaux,Passériformes,Alaudidés,0,Alouette des champs,Autres oiseaux et chauves-souris,0.96
Calandrella brachydactyla,Oiseaux,Passériformes,Alaudidés,0,Alouette calandrelle,Autres oiseaux et chauves-souris,0.96
Eremophila alpestris,Oiseaux,Passériformes,Alaudidés,0,Alouette haussecol,Autres oiseaux et chauves-souris,1.12
Galerida cristata,Oiseaux,Passériformes,Alaudidés,0,Cochevis huppé,Autres oiseaux et chauves-souris,1.12
Lullula arborea,Oiseaux,Passériformes,Alaudidés,0,Alouette lulu,Autres oiseaux et chauves-souris,1.12
Melanocorypha calandra,Oiseaux,Passériformes,Alaudidés,0,Alouette calandre,Autres oiseaux et chauves-souris,1.12
Melanocorypha leucoptera,Oiseaux,Passériformes,Alaudidés,0,Alouette leucoptère,Autres oiseaux et chauves-souris,1.12
Alcedo atthis,Oiseaux,Coraciiformes,Alcédinidés,0,Martin-pêcheur d'Europe,"Rapaces, oiseaux d’eau, échassiers ou limicoles",3.21
Alca torda,Oiseaux,Charadriiformes,Alcidés,0,Pingouin torda,"Rapaces, oiseaux d’eau, échassiers ou limicoles",3.21
Alle alle,Oiseaux,Charadriiformes,Alcidés,0,Mergule nain,"Rapaces, oiseaux d’eau, échassiers ou limicoles",3.21
Fratercula arctica,Oiseaux,Charadriiformes,Alcidés,0,Macareux moine,"Rapaces, oiseaux d’eau, échassiers ou limicoles",3.21
Mergus albellus,Oiseaux,Ansériformes,Anatidés,0,Harle piette,"Rapaces, oiseaux d’eau, échassiers ou limicoles",3.21
Mergus merganser,Oiseaux,Ansériformes,Anatidés,0,Harle bièvre,"Rapaces, oiseaux d’eau, échassiers ou limicoles",3.21
Mergus serrator,Oiseaux,Ansériformes,Anatidés,0,Harle huppé,"Rapaces, oiseaux d’eau, échassiers ou limicoles",3.21
Uria aalge,Oiseaux,Charadriiformes,Alcidés,0,Guillemot de Troïl,"Rapaces, oiseaux d’eau, échassiers ou limicoles",3.21
Anas acuta,Oiseaux,Ansériformes,Anatidés,0,Canard pilet,"Rapaces, oiseaux d’eau, échassiers ou limicoles",3.21
Anas clypeata,Oiseaux,Ansériformes,Anatidés,0,Canard souchet,"Rapaces, oiseaux d’eau, échassiers ou limicoles",3.21
Anas crecca,Oiseaux,Ansériformes,Anatidés,1,Sarcelle d'hiver,"rapaces, oiseaux d’eau, échassiers ou limicoles",0
Anas discors,Oiseaux,Ansériformes,Anatidés,0,Sarcelle à ailes bleues,"Rapaces, oiseaux d’eau, échassiers ou limicoles",3.21
Anas penelope,Oiseaux,Ansériformes,Anatidés,0,Canard siffleur,"Rapaces, oiseaux d’eau, échassiers ou limicoles",3.21
Anas platyrhynchos,Oiseaux,Ansériformes,Anatidés,1,Canard colvert,"Rapaces, oiseaux d’eau, échassiers ou limicoles",0
Anas strepera,Oiseaux,Ansériformes,Anatidés,0,Canard chipeau,"Rapaces, oiseaux d’eau, échassiers ou limicoles",3.21
Anser albifrons,Oiseaux,Ansériformes,Anatidés,0,Oie rieuse,"Rapaces, oiseaux d’eau, échassiers ou limicoles",3.21
Anser brachyrhynchus,Oiseaux,Ansériformes,Anatidés,0,Oie à bec court,"Rapaces, oiseaux d’eau, échassiers ou limicoles",3.21
Anser fabalis,Oiseaux,Ansériformes,Anatidés,0,Oie des moissons,"Rapaces, oiseaux d’eau, échassiers ou limicoles",3.21
Aythya collaris,Oiseaux,Ansériformes,Anatidés,0,Fuligule à bec cerclé,"Rapaces, oiseaux d’eau, échassiers ou limicoles",3.21
Aythya ferina,Oiseaux,Ansériformes,Anatidés,0,Fuligule milouin,"Rapaces, oiseaux d’eau, échassiers ou limicoles",3.21
Aythya fuligula,Oiseaux,Ansériformes,Anatidés,0,Fuligule morillon,"Rapaces, oiseaux d’eau, échassiers ou limicoles",3.21
Aythya marila,Oiseaux,Ansériformes,Anatidés,0,Fuligule milouinan,"Rapaces, oiseaux d’eau, échassiers ou limicoles",3.21
Aythya nyroca,Oiseaux,Ansériformes,Anatidés,0,Fuligule nyroca,"Rapaces, oiseaux d’eau, échassiers ou limicoles",3.21
Branta bernicla,Oiseaux,Ansériformes,Anatidés,0,Bernache cravant,"Rapaces, oiseaux d’eau, échassiers ou limicoles",3.21
Branta leucopsis,Oiseaux,Ansériformes,Anatidés,0,Bernache nonnette,"Rapaces, oiseaux d’eau, échassiers ou limicoles",3.21
Branta ruficollis,Oiseaux,Ansériformes,Anatidés,0,Bernache à cou roux,"Rapaces, oiseaux d’eau, échassiers ou limicoles",3.21
Bucephala clangula,Oiseaux,Ansériformes,Anatidés,0,Garrot à oeil d'or,"Rapaces, oiseaux d’eau, échassiers ou limicoles",3.21
Clangula hyemalis,Oiseaux,Ansériformes,Anatidés,0,Harelde boréale,"Rapaces, oiseaux d’eau, échassiers ou limicoles",3.21
Cygnus columbianus bewickii,Oiseaux,Ansériformes,Anatidés,0,Cygne de Bewick,"Rapaces, oiseaux d’eau, échassiers ou limicoles",3.21
Cygnus cygnus,Oiseaux,Ansériformes,Anatidés,0,Cygne chanteur,"Rapaces, oiseaux d’eau, échassiers ou limicoles",3.21
Melanitta fusca,Oiseaux,Ansériformes,Anatidés,0,Macreuse brune,"Rapaces, oiseaux d’eau, échassiers ou limicoles",3.21
Melanitta nigra,Oiseaux,Ansériformes,Anatidés,0,Macreuse noire,"Rapaces, oiseaux d’eau, échassiers ou limicoles",3.21
Netta rufina,Oiseaux,Ansériformes,Anatidés,0,Nette rousse,"Rapaces, oiseaux d’eau, échassiers ou limicoles",3.21
Oxyura leucocephala,Oiseaux,Ansériformes,Anatidés,0,Erismature à tête blanche,"Rapaces, oiseaux d’eau, échassiers ou limicoles",3.21
Somateria mollissima,Oiseaux,Ansériformes,Anatidés,0,Eider à duvet,"Rapaces, oiseaux d’eau, échassiers ou limicoles",3.21
Tadorna tadorna,Oiseaux,Ansériformes,Anatidés,0,Tadorne de Belon,"Rapaces, oiseaux d’eau, échassiers ou limicoles",3.21
Anser anser,Oiseaux,Ansériformes,Anatidés,0,Oie cendrée,"Rapaces, oiseaux d’eau, échassiers ou limicoles",3.21
Aix galericulata,Oiseaux,Ansériformes,Anatidés,0,Canard mandarin,invasif,0
Alopochen aegyptiacus,Oiseaux,Ansériformes,Anatidés,0,Ouette d'Egypte,invasif préocupant,0
Branta canadensis,Oiseaux,Ansériformes,Anatidés,1,Bernache du Canada,invasif,0
Cygnus olor,Oiseaux,Ansériformes,Anatidés,0,Cygne tuberculé,"Rapaces, oiseaux d’eau, échassiers ou limicoles",3.21
Oxyura jamaicensis,Oiseaux,Ansériformes,Anatidés,0,Erismature rousse,invasif préocupant,0
Anas querquedula,Oiseaux,Ansériformes,Anatidés,0,Sarcelle d'été,"Rapaces, oiseaux d’eau, échassiers ou limicoles",3.21
Apus apus,Oiseaux,Apodiformes,Apodidés,0,Martinet noir,Autres oiseaux et chauves-souris,1.12
Apus melba,Oiseaux,Apodiformes,Apodidés,0,Martinet à ventre blanc,Autres oiseaux et chauves-souris,1.12
Ardea alba,Oiseaux,Pélécaniformes,Ardeidés,0,Grande Aigrette,"Rapaces, oiseaux d’eau, échassiers ou limicoles",4.09
Ardea cinerea,Oiseaux,Pélécaniformes,Ardeidés,0,Héron cendré,"Rapaces, oiseaux d’eau, échassiers ou limicoles",4.09
Ardea purpurea,Oiseaux,Pélécaniformes,Ardeidés,0,Héron pourpré,"Rapaces, oiseaux d’eau, échassiers ou limicoles",4.09
Ardeola ralloides,Oiseaux,Pélécaniformes,Ardeidés,0,Crabier chevelu,"Rapaces, oiseaux d’eau, échassiers ou limicoles",4.09
Botaurus stellaris,Oiseaux,Pélécaniformes,Ardeidés,0,Butor étoilé,"Rapaces, oiseaux d’eau, échassiers ou limicoles",4.09
Bubulcus ibis,Oiseaux,Pélécaniformes,Ardeidés,0,Héron garde-boeufs,"Rapaces, oiseaux d’eau, échassiers ou limicoles",4.09
Egretta garzetta,Oiseaux,Pélécaniformes,Ardeidés,0,Aigrette garzette,"Rapaces, oiseaux d’eau, échassiers ou limicoles",4.09
Ixobrychus minutus,Oiseaux,Pélécaniformes,Ardeidés,0,Blongios nain,"Rapaces, oiseaux d’eau, échassiers ou limicoles",4.09
Nycticorax nycticorax,Oiseaux,Pélécaniformes,Ardeidés,0,Bihoreau gris,"Rapaces, oiseaux d’eau, échassiers ou limicoles",4.09
Bombycilla garrulus,Oiseaux,Passériformes,Bombycillidés,0,Jaseur boréal,Autres oiseaux et chauves-souris,1.12
Ovis gmelini musimon x Ovis sp.,Mammifères,Artiodactyla,Bovidée,1,Mouflon x Mouton domestique,domestique,0
Burhinus oedicnemus,Oiseaux,Charadriiformes,Burhinidés,0,Oedicnème criard,"Rapaces, oiseaux d’eau, échassiers ou limicoles",2.08
Canis lupus,Mammifères,Carnivora,Canidés,0,Loup,Mammifères non volants,0
Vulpes vulpes,Mammifères,Carnivora,Canidés,1,Renard roux,Mammifères non volants,0
Nyctereutes procyonoides,Mammifères,Carnivora,Canidés,0,Chien viverrin ,invasif,0
Caprimulgus europaeus,Oiseaux,Caprimulgiformes,Caprimulgidés,0,Engoulevent d'Europe,Autres oiseaux et chauves-souris,1.12
Castor fiber,Mammifères,Castorimorpha,Castoridés,0,Castor d'Europe,Mammifères non volants,0
Certhia brachydactyla,Oiseaux,Passériformes,Certhiidés,0,Grimperau des jardins,Autres oiseaux et chauves-souris,1.12
Certhia familiaris,Oiseaux,Passériformes,Certhiidés,0,Grimpereau des bois,Autres oiseaux et chauves-souris,1.12
Capreolus capreolus,Mammifères,Pecora,Cervidés,1,Chevreuil,Mammifères non volants,0
Cervus elaphus,Mammifères,Pecora,Cervidés,1,Cerf élaphe,Mammifères non volants,0
Dama dama,Mammifères,Pecora,Cervidés,1,Daim,invasif,0
Cettia cetti,Oiseaux,Passériformes,Cettiidés,0,Bouscarle de Cetti,Autres oiseaux et chauves-souris,1.12
Charadrius alexandrinus,Oiseaux,Charadriiformes,Charadriidés,0,Pluvier gravelot à collier interrompu,"Rapaces, oiseaux d’eau, échassiers ou limicoles",2.08
Charadrius dubius,Oiseaux,Charadriiformes,charadriidés,0,Pluvier petit gravelot,"Rapaces, oiseaux d’eau, échassiers ou limicoles",2.08
Charadrius hiaticula,Oiseaux,Charadriiformes,Charadriidés,0,Pluvier grand gravelot,"Rapaces, oiseaux d’eau, échassiers ou limicoles",2.08
Charadrius morinellus,Oiseaux,Charadriiformes,Charadriidés,0,Pluvier guignard,"Rapaces, oiseaux d’eau, échassiers ou limicoles",2.08
Pluvialis apricaria,Oiseaux,Charadriiformes,Charadriidés,0,Pluvier doré,"Rapaces, oiseaux d’eau, échassiers ou limicoles",2.08
Pluvialis squatarola,Oiseaux,Charadriiformes,Charadriidés,0,Pluvier argenté,"Rapaces, oiseaux d’eau, échassiers ou limicoles",2.08
Vanellus vanellus,Oiseaux,Charadriiformes,Charadriidés,0,Vanneau huppé,"Rapaces, oiseaux d’eau, échassiers ou limicoles",2.08
Ciconia ciconia,Oiseaux,Ciconiiformes,Ciconiidés,0,Cigogne blanche,"Rapaces, oiseaux d’eau, échassiers ou limicoles",4.09
Ciconia nigra,Oiseaux,Ciconiiformes,Ciconiidés,0,Cigogne noire,"Rapaces, oiseaux d’eau, échassiers ou limicoles",4.09
Cinclus cinclus,Oiseaux,Passériformes,Cinclidés,0,Cincle plongeur,Autres oiseaux et chauves-souris,1.12
Cisticola juncidis,Oiseaux,Passériformes,Cisticolidés,0,Cisticole des joncs,Autres oiseaux et chauves-souris,1.12
Columba oenas,Oiseaux,Columbiformes,Colombidés,0,Pigeon colombin,Autres oiseaux et chauves-souris,0.96
Columba palumbus,Oiseaux,Columbiformes,Colombidés,1,Pigeon ramier,Autres oiseaux et chauves-souris,0
Streptopelia decaocto,Oiseaux,Columbiformes,Colombidés,0,Tourterelle turque,Autres oiseaux et chauves-souris,0.96
Streptopelia turtur,Oiseaux,Columbiformes,Colombidés,0,Tourterelle des bois,Autres oiseaux et chauves-souris,0.96
Columba livia var. domestica,Oiseaux,Columbiformes,Colombidés,0,Pigeon biset féral,invasif,0
Coracias garrulus,Oiseaux,Coraciiformes,Coraciidés,0,Rollier d'Europe,Autres oiseaux et chauves-souris,1.12
Corvus corax,Oiseaux,Passériformes,Corvidés,0,Grand Corbeau,Autres oiseaux et chauves-souris,1.5
Corvus corone,Oiseaux,Passériformes,Corvidés,0,Corneille noire,Autres oiseaux et chauves-souris,1.5
Corvus frugilegus,Oiseaux,Passériformes,Corvidés,0,Corbeau freux,Autres oiseaux et chauves-souris,1.5
Corvus monedula,Oiseaux,Passériformes,Corvidés,0,Choucas des tours,Autres oiseaux et chauves-souris,1.5
Garrulus glandarius,Oiseaux,Passériformes,Corvidés,0,Geai des chênes,Autres oiseaux et chauves-souris,1.5
Nucifraga caryocatactes,Oiseaux,Passériformes,Corvidés,0,Cassenoix moucheté,Autres oiseaux et chauves-souris,1.5
Pica pica,Oiseaux,Passériformes,Corvidés,0,Pie bavarde,Autres oiseaux et chauves-souris,1.5
Ondatra zibethicus,Mammifères,Muroidea,Cricétidés,0,Rat musqué,invasif préocupant,0
Clamator glandarius,Oiseaux,Cuculiformes,Cuculidés,0,Coucou geai,Autres oiseaux et chauves-souris,1.12
Coccyzus americanus,Oiseaux,Cuculiformes,Cuculidés,0,Coulicou à bec jaune,Autres oiseaux et chauves-souris,1.12
Cuculus canorus,Oiseaux,Cuculiformes,Cuculidés,0,Coucou gris,Autres oiseaux et chauves-souris,1.12
Myocastor coypus,Mammifères,Caviomorpha,Echimyidés,0,Ragondin,invasif préocupant,0
Calcarius lapponicus,Oiseaux,Passériformes,Emberizidés,0,Bruant lapon,Autres oiseaux et chauves-souris,0.96
Emberiza aureola,Oiseaux,Passériformes,Emberizidés,0,Bruant auréole,Autres oiseaux et chauves-souris,0.96
Emberiza calandra,Oiseaux,Passériformes,Emberizidés,0,Bruant proyer,Autres oiseaux et chauves-souris,0.96
Emberiza cia,Oiseaux,Passériformes,Emberizidés,0,Bruant fou,Autres oiseaux et chauves-souris,0.96
Emberiza cirlus,Oiseaux,Passériformes,Emberizidés,0,Bruant zizi,Autres oiseaux et chauves-souris,0.96
Emberiza citrinella,Oiseaux,Passériformes,Emberizidés,0,Bruant jaune,Autres oiseaux et chauves-souris,0.96
Emberiza hortulana,Oiseaux,Passériformes,Emberizidés,0,Bruant ortolan,Autres oiseaux et chauves-souris,0.96
Emberiza leucocephala,Oiseaux,Passériformes,Emberizidés,0,Bruant à calotte blanche,Autres oiseaux et chauves-souris,0.96
Emberiza pusilla,Oiseaux,Passériformes,Emberizidés,0,Bruant nain,Autres oiseaux et chauves-souris,0.96
Emberiza rustica,Oiseaux,Passériformes,Emberizidés,0,Bruant rustique,Autres oiseaux et chauves-souris,0.96
Emberiza schoeniclus,Oiseaux,Passériformes,Emberizidés,0,Bruant des roseaux,Autres oiseaux et chauves-souris,0.96
Plectrophenax nivalis,Oiseaux,Passériformes,Emberizidés,0,Bruant des neiges,Autres oiseaux et chauves-souris,0.96
Falco columbarius,Oiseaux,Falconiformes,Falconidés,0,Faucon émerillon,"Rapaces, oiseaux d’eau, échassiers ou limicoles",1.37
Falco peregrinus,Oiseaux,Falconiformes,Falconidés,0,Faucon pèlerin,"Rapaces, oiseaux d’eau, échassiers ou limicoles",1.37
Falco subbuteo,Oiseaux,Falconiformes,Falconidés,0,Faucon hobereau,"Rapaces, oiseaux d’eau, échassiers ou limicoles",1.37
Falco tinnunculus,Oiseaux,Falconiformes,Falconidés,0,Faucon crécerelle,"Rapaces, oiseaux d’eau, échassiers ou limicoles",1.37
Falco vespertinus,Oiseaux,Falconiformes,Falconidés,0,Faucon kobez,"Rapaces, oiseaux d’eau, échassiers ou limicoles",1.37
Felis silvestris,Mammifères,Carnivora,Félidés,0,Chat sylvestre,Mammifères non volants,4.51
Felis catus,Mammifères,Carnivora,Félidés,0,Chat haret,domestique,0
Lynx lynx,Mammifères,Carnivora,Félidés,0,Lynx boréal ,Mammifères non volants,0
Carduelis cannabina,Oiseaux,Passériformes,Fringillidés,0,Linotte mélodieuse,Autres oiseaux et chauves-souris,0.96
Carduelis carduelis,Oiseaux,Passériformes,Fringillidés,0,Chardonneret élégant,Autres oiseaux et chauves-souris,0.96
Carduelis chloris,Oiseaux,Passériformes,Fringillidés,0,Verdier d'Europe,Autres oiseaux et chauves-souris,0.96
Carduelis flammea,Oiseaux,Passériformes,Fringillidés,0,Sizerin flammé,Autres oiseaux et chauves-souris,0.96
Carduelis flavirostris,Oiseaux,Passériformes,Fringillidés,0,Linotte à bec jaune,Autres oiseaux et chauves-souris,0.96
Carduelis spinus,Oiseaux,Passériformes,Fringillidés,0,Tarin des aulnes,Autres oiseaux et chauves-souris,0.96
Carpodacus erythrinus,Oiseaux,Passériformes,Fringillidés,0,Roselin cramoisi,Autres oiseaux et chauves-souris,0.96
Coccothraustes coccothraustes,Oiseaux,Passériformes,Fringillidés,0,Grosbec casse-noyaux,Autres oiseaux et chauves-souris,0.96
Fringilla coelebs,Oiseaux,Passériformes,Fringillidés,0,Pinson des arbres,Autres oiseaux et chauves-souris,0.96
Fringilla montifringilla,Oiseaux,Passériformes,Fringillidés,0,Pinson du Nord,Autres oiseaux et chauves-souris,0.96
Loxia curvirostra,Oiseaux,Passériformes,Fringillidés,0,Bec-croisé des sapins,Autres oiseaux et chauves-souris,0.96
Loxia leucoptera,Oiseaux,Passériformes,Fringillidés,0,Bec-croisé bifascié,Autres oiseaux et chauves-souris,1.12
Loxia pityopsittacus,Oiseaux,Passériformes,Fringillidés,0,Bec-croisé perroquet,Autres oiseaux et chauves-souris,1.12
Pyrrhula pyrrhula,Oiseaux,Passériformes,Fringillidés,0,Bouvreuil pivoine,Autres oiseaux et chauves-souris,0.96
Serinus citrinella,Oiseaux,Passériformes,Fringillidés,0,Venturon montagnard,Autres oiseaux et chauves-souris,0.96
Serinus serinus,Oiseaux,Passériformes,Fringillidés,0,Serin cini,Autres oiseaux et chauves-souris,0.96
Gavia arctica,Oiseaux,Gaviiformes,Gaviidés,0,Plongeon arctique,"Rapaces, oiseaux d’eau, échassiers ou limicoles",3.21
Gavia stellata,Oiseaux,Gaviiformes,Gaviidés,0,Plongeon catmarin,"Rapaces, oiseaux d’eau, échassiers ou limicoles",3.21
Glareola pratincola,Oiseaux,Charadriiformes,Glaréolidés,0,Glaréole à collier,"Rapaces, oiseaux d’eau, échassiers ou limicoles",2.08
Grus grus,Oiseaux,Gruiformes,Gruidés,0,Grue cendrée,"Rapaces, oiseaux d’eau, échassiers ou limicoles",4.09
Haematopus ostralegus,Oiseaux,Charadriiformes,Haematopodidés,0,Huîtrier pie,"Rapaces, oiseaux d’eau, échassiers ou limicoles",2.08
Delichon urbica,Oiseaux,Passériformes,Hirundinidés,0,Hirondelle de fenêtre,Autres oiseaux et chauves-souris,1.12
Hirundo daurica,Oiseaux,Passériformes,Hirundinidés,0,Hirondelle rousseline,Autres oiseaux et chauves-souris,1.12
Hirundo rustica,Oiseaux,Passériformes,Hirundinidés,0,Hirondelle rustique,Autres oiseaux et chauves-souris,1.12
Ptyonoprogne rupestris,Oiseaux,Passériformes,Hirundinidés,0,Hirondelle des rochers,Autres oiseaux et chauves-souris,1.12
Riparia riparia,Oiseaux,Passériformes,Hirundinidés,0,Hirondelle de rivage,Autres oiseaux et chauves-souris,1.12
Hydrobates pelagicus,Oiseaux,Procellariiformes,Hydrobatidés,0,Océanite tempête,"Rapaces, oiseaux d’eau, échassiers ou limicoles",3.21
Oceanodroma leucorhoa,Oiseaux,Procellariiformes,Hydrobatidés,0,Océanite culblanc,"Rapaces, oiseaux d’eau, échassiers ou limicoles",3.21
Lanius collurio,Oiseaux,Passériformes,Laniidés,0,Pie-grièche écorcheur,Autres oiseaux et chauves-souris,1.12
Lanius excubitor,Oiseaux,Passériformes,Laniidés,0,Pie-grièche grise,Autres oiseaux et chauves-souris,1.12
Lanius minor,Oiseaux,Passériformes,Laniidés,0,Pie-grièche à poitrine rose,Autres oiseaux et chauves-souris,1.12
Lanius senator,Oiseaux,Passériformes,Laniidés,0,Pie-grièche à tête rousse,Autres oiseaux et chauves-souris,1.12
Larus argentatus,Oiseaux,Charadriiformes,Laridés,0,Goéland argenté,"Rapaces, oiseaux d’eau, échassiers ou limicoles",3.21
Larus cachinnans,Oiseaux,Charadriiformes,Laridés,0,Goéland pontique,"rapaces, oiseaux d’eau, échassiers ou limicoles",3.21
Larus canus,Oiseaux,Charadriiformes,Laridés,0,Goéland cendré,"Rapaces, oiseaux d’eau, échassiers ou limicoles",3.21
Larus fuscus,Oiseaux,Charadriiformes,Laridés,0,Goéland brun,"Rapaces, oiseaux d’eau, échassiers ou limicoles",3.21
Larus glaucoides,Oiseaux,Charadriiformes,Laridés,0,Goéland à ailes blanches,"Rapaces, oiseaux d’eau, échassiers ou limicoles",3.21
Larus hyperboreus,Oiseaux,Charadriiformes,Laridés,0,Goéland bourgmestre,"Rapaces, oiseaux d’eau, échassiers ou limicoles",3.21
Larus marinus,Oiseaux,Charadriiformes,Laridés,0,Goéland marin,"Rapaces, oiseaux d’eau, échassiers ou limicoles",3.21
Larus melanocephalus,Oiseaux,Charadriiformes,Laridés,0,Mouette mélanocéphale,"Rapaces, oiseaux d’eau, échassiers ou limicoles",3.21
Larus minutus,Oiseaux,Charadriiformes,Laridés,0,Mouette pygmée,"Rapaces, oiseaux d’eau, échassiers ou limicoles",3.21
Larus ridibundus,Oiseaux,Charadriiformes,Laridés,0,Mouette rieuse,"Rapaces, oiseaux d’eau, échassiers ou limicoles",3.21
Larus sabini,Oiseaux,Charadriiformes,Laridés,0,Mouette de Sabine,"Rapaces, oiseaux d’eau, échassiers ou limicoles",3.21
Rissa triactyla,Oiseaux,Charadriiformes,Laridés,0,Mouette tridactyle,"Rapaces, oiseaux d’eau, échassiers ou limicoles",3.21
Larus michahellis,Oiseaux,Charadriiformes,Laridés,0,Goéland leucophée,"Rapaces, oiseaux d’eau, échassiers ou limicoles",3.21
Lepus europaeus,Mammifères,Lagomorpha,Léporidés,1,Lièvre d'Europe,Mammifères non volants,0
Oryctolagus cuniculus,Mammifères,Lagomorpha,Léporidés,1,Lapin de Garenne,Mammifères non volants,0
Locustella fluviatilis,Oiseaux,Passériformes,Locustellidés,0,Locustelle fluviatile,Autres oiseaux et chauves-souris,1.12
Locustella luscinioides,Oiseaux,Passériformes,Locustellidés,0,Locustelle luscinoïde,Autres oiseaux et chauves-souris,1.12
Locustella naevia,Oiseaux,Passériformes,Locustellidés,0,Locustelle tachetée,Autres oiseaux et chauves-souris,1.12
Merops apiaster,Oiseaux,Coraciiformes,Méropidés,0,Guêpier d'Europe,Autres oiseaux et chauves-souris,1.12
Anthus campestris,Oiseaux,Passériformes,Motacillidés,0,Pipit rousseline,Autres oiseaux et chauves-souris,1.12
Anthus cervinus,Oiseaux,Passériformes,Motacillidés,0,Pipit à gorge rousse,Autres oiseaux et chauves-souris,1.12
Anthus petrosus,Oiseaux,Passériformes,Motacillidés,0,Pipit maritime,Autres oiseaux et chauves-souris,1.12
Anthus pratensis,Oiseaux,Passériformes,Motacillidés,0,Pipit farlouse,Autres oiseaux et chauves-souris,1.12
Anthus richardi,Oiseaux,Passériformes,Motacillidés,0,Pipit de Richard,Autres oiseaux et chauves-souris,1.12
Anthus spinoletta,Oiseaux,Passériformes,Motacillidés,0,Pipit spioncelle,Autres oiseaux et chauves-souris,1.12
Anthus trivialis,Oiseaux,Passériformes,Motacillidés,0,Pipit des arbres,Autres oiseaux et chauves-souris,1.12
Motacilla alba,Oiseaux,Passériformes,Motacillidés,0,Bergeronnette grise,Autres oiseaux et chauves-souris,1.12
Motacilla cinerea,Oiseaux,Passériformes,Motacillidés,0,Bergeronnette des ruisseaux,Autres oiseaux et chauves-souris,1.12
Motacilla flava,Oiseaux,Passériformes,Motacillidés,0,Bergeronnette printanière,Autres oiseaux et chauves-souris,0
Apodemus flavicollis,Mammifères,Muroidea,Muridés,0,Mulot,Mammifères non volants,0
Apodemus sylvaticus,Mammifères,Muroidea,Muridés,0,Mulot sylvestre,Mammifères non volants,0
Arvicola terrestris,Mammifères,Muroidea,Muridés,0,Campagnol terrestre,Mammifères non volants,0
Clethrionomys glareolus,Mammifères,Muroidea,Muridés,0,Campagnol,Mammifères non volants,0
Cricetus cricetus,Mammifères,Muroidea,Muridés,0,Grand Hasmter,Mammifères non volants,0
Micromys minutus,Mammifères,Muroidea,Muridés,0,Rat des moissons,Mammifères non volants,0
Microtus agrestis,Mammifères,Muroidea,Muridés,0,Campagnol agreste,Mammifères non volants,0
Microtus arvalis,Mammifères,Muroidea,Muridés,0,Campagnol,Mammifères non volants,0
Microtus subterraneus,Mammifères,Muroidea,Muridés,0,Campagnol,Mammifères non volants,0
Mus domesticus,Mammifères,Muroidea,Muridés,0,Souris,Mammifères non volants,0
Rattus rattus,Mammifères,Muroidea,Muridés,0,Rat noir,Mammifères non volants,0
Rattus norvegicus,Mammifères,Muroidea,Muridés,0,Rat brun,invasif,0
Eliomys quercinus,Mammifères,Rodentia,Muscardinidés,0,Lérot,Mammifères non volants,0
Glis glis,Mammifères,Rodentia,Muscardinidés,0,Loir,Mammifères non volants,0
Muscardinus avellanarius,Mammifères,Rodentia,Muscardinidés,0,Muscardin,Mammifères non volants,0
Erithacus rubecula,Oiseaux,Passériformes,Muscicapidés,0,Rougegorge familier,Autres oiseaux et chauves-souris,1.12
Ficedula albicollis,Oiseaux,Passériformes,Muscicapidés,0,Gobemouche à collier,Autres oiseaux et chauves-souris,1.12
Ficedula hypoleuca,Oiseaux,Passériformes,Muscicapidés,0,Gobemouche noir,Autres oiseaux et chauves-souris,1.12
Ficedula parva,Oiseaux,Passériformes,Muscicapidés,0,Gobemouche nain,Autres oiseaux et chauves-souris,1.12
Luscinia luscinia,Oiseaux,Passériformes,Muscicapidés,0,Rossignol progné,Autres oiseaux et chauves-souris,1.12
Luscinia megarhynchos,Oiseaux,Passériformes,Muscicapidés,0,Rossignol philomèle,Autres oiseaux et chauves-souris,1.12
Luscinia svecica,Oiseaux,Passériformes,Muscicapidés,0,Gorgebleue à miroir,Autres oiseaux et chauves-souris,1.12
Muscicapa striata,Oiseaux,Passériformes,Muscicapidés,0,Gobemouche gris,Autres oiseaux et chauves-souris,1.12
Oenanthe hispanica,Oiseaux,Passériformes,Muscicapidés,0,Traquet oreillard,Autres oiseaux et chauves-souris,1.12
Oenanthe oenanthe,Oiseaux,Passériformes,Muscicapidés,0,Traquet motteux,Autres oiseaux et chauves-souris,1.12
Phoenicurus ochruros,Oiseaux,Passériformes,Muscicapidés,0,Rougequeue noir,Autres oiseaux et chauves-souris,1.12
Phoenicurus phoenicurus,Oiseaux,Passériformes,Muscicapidés,0,Rougequeue à front blanc,Autres oiseaux et chauves-souris,1.12
Saxicola rubetra,Oiseaux,Passériformes,Muscicapidés,0,Tarier des prés,Autres oiseaux et chauves-souris,1.12
Saxicola rubicola,Oiseaux,Passériformes,Muscicapidés,0,Tarier pâtre (torquatus),Autres oiseaux et chauves-souris,1.12
Lutra lutra,Mammifères,Musteloidea,Mustélidés,0,Loutre,Mammifères non volants,1.07
Martes foina,Mammifères,Musteloidea,Mustélidés,0,Fouine,Mammifères non volants,1.07
Martes martes,Mammifères,Musteloidea,Mustélidés,0,Martre des pins,Mammifères non volants,1.07
Meles meles,Mammifères,Musteloidea,Mustélidés,0,Blaireau d'Europe,Mammifères non volants,4.51
Mustela erminea,Mammifères,Musteloidea,Mustélidés,0,Hermine,Mammifères non volants,1.07
Mustela nivalis,Mammifères,Musteloidea,Mustélidés,0,Belette,Mammifères non volants,1.07
Mustela putorius,Mammifères,Musteloidea,Mustélidés,0,Putois,Mammifères non volants,1.07
Mustela vison (Neovison vison),Mammifères,Musteloidea,Mustélidés,0,Vison naméricain,invasif,0
Oriolus oriolus,Oiseaux,Passériformes,Oriolidés,0,Loriot d'Europe,Autres oiseaux et chauves-souris,1.12
Chlamydotis undulata,Oiseaux,Otidiformes,Otididés,0,Outarde houbara,"Rapaces, oiseaux d’eau, échassiers ou limicoles",2.08
Otis tarda,Oiseaux,Otidiformes,Otididés,0,Outarde barbue,"Rapaces, oiseaux d’eau, échassiers ou limicoles",2.08
Tetrax tetrax,Oiseaux,Otidiformes,Otididés,0,Outarde canepetière,"Rapaces, oiseaux d’eau, échassiers ou limicoles",2.08
Pandion haliaetus,Oiseaux,Accipitriformes,Pandionidés,0,Balbuzard pêcheur,"Rapaces, oiseaux d’eau, échassiers ou limicoles",1.37
Panurus biarmicus,Oiseaux,Passériformes,Panuridés,0,Panure à moustaches,Autres oiseaux et chauves-souris,1.12
Parus ater,Oiseaux,Passériformes,Paridés,0,Mésange noire,Autres oiseaux et chauves-souris,1.12
Parus caeruleus,Oiseaux,Passériformes,Paridés,0,Mésange bleue,Autres oiseaux et chauves-souris,1.12
Parus cristatus,Oiseaux,Passériformes,Paridés,0,Mésange huppée,Autres oiseaux et chauves-souris,1.12
Parus major,Oiseaux,Passériformes,Paridés,0,Mésange charbonnière,Autres oiseaux et chauves-souris,1.12
Parus montanus,Oiseaux,Passériformes,Paridés,0,Mésange boréale,Autres oiseaux et chauves-souris,1.12
Parus palustris,Oiseaux,Passériformes,Paridés,0,Mésange nonnette,Autres oiseaux et chauves-souris,1.12
Passer domesticus,Oiseaux,Passériformes,Passeridés,0,Moineau domestique,Autres oiseaux et chauves-souris,0.96
Passer montanus,Oiseaux,Passériformes,Passeridés,0,Moineau friquet,Autres oiseaux et chauves-souris,0.96
Petronia petronia,Oiseaux,Passériformes,Passeridés,0,Moineau soulcie,Autres oiseaux et chauves-souris,0.96
Phalacrocorax aristotelis,Oiseaux,Suliformes,Phalacrocoracidés,0,Cormoran huppé,"Rapaces, oiseaux d’eau, échassiers ou limicoles",3.21
Phalacrocorax carbo,Oiseaux,Suliformes,Phalacrocoracidés,0,Grand Cormoran,"Rapaces, oiseaux d’eau, échassiers ou limicoles",3.21
Bonasa bonasia,Oiseaux,Galliformes,Phasianidés,0,Gélinotte des bois,Autres oiseaux et chauves-souris,0.96
Coturnix coturnix,Oiseaux,Galliformes,Phasianidés,0,Caille des blés,Autres oiseaux et chauves-souris,0.96
Perdix perdix,Oiseaux,Galliformes,Phasianidés,1,Perdrix grise,Autres oiseaux et chauves-souris,0
Tetrao tetrix,Oiseaux,Galliformes,Phasianidés,0,Tetras lyre,Autres oiseaux et chauves-souris,0.96
Tetrao urogallus,Oiseaux,Galliformes,Phasianidés,0,Grand Tétras,Autres oiseaux et chauves-souris,0.96
Colinus virginianus,Oiseaux,Galliformes,Phasianidés,0,Colin de Virginie,exotique,0
Lagopus lagopus,Oiseaux,Galliformes,Phasianidés,0,,Autres oiseaux et chauves-souris,0.96
Phasianus colchicus,Oiseaux,Galliformes,Phasianidés,1,Faisan de Colchide,Autres oiseaux et chauves-souris,0
Phylloscopus bonelli,Oiseaux,Passériformes,Phylloscopidés,0,Pouillot de Bonelli,Autres oiseaux et chauves-souris,1.12
Phylloscopus collybita,Oiseaux,Passériformes,Phylloscopidés,0,Pouillot véloce,Autres oiseaux et chauves-souris,1.12
Phylloscopus inornatus,Oiseaux,Passériformes,Phylloscopidés,0,Pouillot à grands sourcils,Autres oiseaux et chauves-souris,1.12
Phylloscopus proregulus,Oiseaux,Passériformes,Phylloscopidés,0,Pouillot de Pallas,Autres oiseaux et chauves-souris,1.12
Phylloscopus schwarzi,Oiseaux,Passériformes,Phylloscopidés,0,Pouillot de Schwarz,Autres oiseaux et chauves-souris,1.12
Phylloscopus sibilatrix,Oiseaux,Passériformes,Phylloscopidés,0,Pouillot siffleur,Autres oiseaux et chauves-souris,1.12
Phylloscopus trochilus,Oiseaux,Passériformes,Phylloscopidés,0,Pouillot fitis,Autres oiseaux et chauves-souris,1.12
Dendrocopos leucotos,Oiseaux,Piciformes,Picidés,0,Pic à dos blanc,Autres oiseaux et chauves-souris,1.12
Dendrocopos major,Oiseaux,Piciformes,Picidés,0,Pic épeiche,Autres oiseaux et chauves-souris,1.12
Dendrocopos medius,Oiseaux,Piciformes,Picidés,0,Pic mar,Autres oiseaux et chauves-souris,1.12
Dendrocopos minor,Oiseaux,Piciformes,Picidés,0,Pic épeichette,Autres oiseaux et chauves-souris,1.12
Dryocopus martius,Oiseaux,Piciformes,Picidés,0,Pic noir,Autres oiseaux et chauves-souris,1.12
Jynx torquilla,Oiseaux,Piciformes,Picidés,0,Torcol fourmilier,Autres oiseaux et chauves-souris,1.12
Picus canus,Oiseaux,Piciformes,Picidés,0,Pic cendré,Autres oiseaux et chauves-souris,1.12
Picus viridis,Oiseaux,Piciformes,Picidés,0,Pic vert,Autres oiseaux et chauves-souris,1.12
Podiceps auritus,Oiseaux,Podicipédiformes,Podicipedidés,0,Grèbe esclavon,"Rapaces, oiseaux d’eau, échassiers ou limicoles",3.21
Podiceps cristatus,Oiseaux,Podicipédiformes,Podicipedidés,0,Grèbe huppé,"Rapaces, oiseaux d’eau, échassiers ou limicoles",3.21
Podiceps grisegena,Oiseaux,Podicipédiformes,Podicipedidés,0,Grèbe jougris,"Rapaces, oiseaux d’eau, échassiers ou limicoles",3.21
Podiceps nigricollis,Oiseaux,Podicipédiformes,Podicipedidés,0,Grèbe à cou noir,"Rapaces, oiseaux d’eau, échassiers ou limicoles",3.21
Tachybaptus ruficollis,Oiseaux,Podicipédiformes,Podicipedidés,0,Grèbe castagneux,"Rapaces, oiseaux d’eau, échassiers ou limicoles",3.21
Fulmarus glacialis,Oiseaux,Procellariiformes,Procellaridés,0,Fulmar boréal,"Rapaces, oiseaux d’eau, échassiers ou limicoles",3.21
Procyon lotor,Mammifères,Musteloidea,Procyonidés,0,Raton laveur,invasif préocupant,0
Prunella collaris,Oiseaux,Passériformes,Prunellidés,0,Accenteur alpin,Autres oiseaux et chauves-souris,1.12
Prunella modularis,Oiseaux,Passériformes,Prunellidés,0,Accenteur mouchet,Autres oiseaux et chauves-souris,1.12
Psittacula krameri,Oiseaux,Psittaciformes,Psittacidés,0,Perruche à collier,invasif,0
Pterocles orientalis,Oiseaux,Pterocliformes,Pteroclidés,0,Ganga unibande,Autres oiseaux et chauves-souris,0.96
Syrrhaptes paradoxus,Oiseaux,Pterocliformes,Pteroclidés,0,Syrrhapte paradoxal,Autres oiseaux et chauves-souris,0.96
Crex crex,Oiseaux,Gruiformes,Rallidés,0,Râle des genêts,"Rapaces, oiseaux d’eau, échassiers ou limicoles",3.21
Fulica atra,Oiseaux,Gruiformes,Rallidés,1,Foulque macroule,"Rapaces, oiseaux d’eau, échassiers ou limicoles",0
Gallinula chloropus,Oiseaux,Gruiformes,Rallidés,0,Gallinule poule d'eau,"Rapaces, oiseaux d’eau, échassiers ou limicoles",3.21
Porzana parva,Oiseaux,Gruiformes,Rallidés,0,Marouette poussin,"Rapaces, oiseaux d’eau, échassiers ou limicoles",2.08
Porzana porzana,Oiseaux,Gruiformes,Rallidés,0,Marouette ponctuée,"Rapaces, oiseaux d’eau, échassiers ou limicoles",2.08
Porzana pusilla,Oiseaux,Gruiformes,Rallidés,0,Marouette de Baillon,"Rapaces, oiseaux d’eau, échassiers ou limicoles",2.08
Rallus aquaticus,Oiseaux,Gruiformes,Rallidés,0,Râle d'eau,"Rapaces, oiseaux d’eau, échassiers ou limicoles",2.08
Himantopus himantopus,Oiseaux,Charadriiformes,Récurvirostridés,0,Echasse blanche,"Rapaces, oiseaux d’eau, échassiers ou limicoles",2.08
Recurvirostra avosetta,Oiseaux,Charadriiformes,Récurvirostridés,0,Avocette élégante,"Rapaces, oiseaux d’eau, échassiers ou limicoles",2.08
Regulus ignicapillus,Oiseaux,Passériformes,Régulidés,0,Roitelet à triple bandeau,Autres oiseaux et chauves-souris,1.12
Regulus regulus,Oiseaux,Passériformes,Régulidés,0,Roitelet huppé,Autres oiseaux et chauves-souris,1.12
Remiz pendulinus,Oiseaux,Passériformes,Rémizidés,0,Remiz penduline,Autres oiseaux et chauves-souris,1.12
Rhinolophus ferrumequinum,Mammifères,Chiroptera,Rhinolophidés,0,Rhinolophe grand fer à cheval,Autres oiseaux et chauves-souris,0.75
Rhinolophus hipposideros,Mammifères,Chiroptera,Rhinolophidés,0,Rhinolophe petit fer à cheval,Autres oiseaux et chauves-souris,0.75
Sciurus vulgaris,Mammifères,Rodentia,Sciuridés,0,Ecureuil roux,Mammifères non volants,1.12
Tamias sibiricus,Mammifères,Rodentia,Sciuridés,0,Tamia de Sibérie,invasif,0
Actitis hypoleucos,Oiseaux,Charadriiformes,Scolopacidés,0,Chevalier guignette,"Rapaces, oiseaux d’eau, échassiers ou limicoles",2.08
Arenaria interpres,Oiseaux,Charadriiformes,Scolopacidés,0,Tournepierre à collier,"Rapaces, oiseaux d’eau, échassiers ou limicoles",2.08
Calidris acuminata,Oiseaux,Charadriiformes,Scolopacidés,0,Bécasseau à queue pointue,"Rapaces, oiseaux d’eau, échassiers ou limicoles",2.08
Calidris alba,Oiseaux,Charadriiformes,Scolopacidés,0,Bécasseau sanderling,"Rapaces, oiseaux d’eau, échassiers ou limicoles",2.08
Calidris alpina,Oiseaux,Charadriiformes,Scolopacidés,0,Bécasseau variable,"Rapaces, oiseaux d’eau, échassiers ou limicoles",2.08
Calidris canutus,Oiseaux,Charadriiformes,Scolopacidés,0,Bécasseau maubèche,"Rapaces, oiseaux d’eau, échassiers ou limicoles",2.08
Calidris ferruginea,Oiseaux,Charadriiformes,Scolopacidés,0,Bécasseau cocorli,"Rapaces, oiseaux d’eau, échassiers ou limicoles",2.08
Calidris fuscicollis,Oiseaux,Charadriiformes,Scolopacidés,0,Bécasseau de Bonaparte,"Rapaces, oiseaux d’eau, échassiers ou limicoles",2.08
Calidris melanotos,Oiseaux,Charadriiformes,Scolopacidés,0,Bécasseau tacheté,"Rapaces, oiseaux d’eau, échassiers ou limicoles",2.08
Calidris minuta,Oiseaux,Charadriiformes,Scolopacidés,0,Bécasseau minute,"Rapaces, oiseaux d’eau, échassiers ou limicoles",2.08
Calidris temminckii,Oiseaux,Charadriiformes,Scolopacidés,0,Bécasseau de Temminck,"Rapaces, oiseaux d’eau, échassiers ou limicoles",2.08
Gallinago gallinago,Oiseaux,Charadriiformes,Scolopacidés,0,Bécassine des marais,"Rapaces, oiseaux d’eau, échassiers ou limicoles",2.08
Gallinago media,Oiseaux,Charadriiformes,Scolopacidés,0,Bécassine double,"Rapaces, oiseaux d’eau, échassiers ou limicoles",2.08
Limicola falcinellus,Oiseaux,Charadriiformes,Scolopacidés,0,Bécasseau falcinelle,"Rapaces, oiseaux d’eau, échassiers ou limicoles",2.08
Limosa lapponica,Oiseaux,Charadriiformes,Scolopacidés,0,Barge rousse,"Rapaces, oiseaux d’eau, échassiers ou limicoles",2.08
Limosa limosa,Oiseaux,Charadriiformes,Scolopacidés,0,Barge à queue noire,"Rapaces, oiseaux d’eau, échassiers ou limicoles",2.08
Lymnocryptes minimus,Oiseaux,Charadriiformes,Scolopacidés,0,Bécassine sourde,"Rapaces, oiseaux d’eau, échassiers ou limicoles",2.08
Numenius arquata,Oiseaux,Charadriiformes,Scolopacidés,0,Courlis cendré,"Rapaces, oiseaux d’eau, échassiers ou limicoles",2.08
Numenius phaeopus,Oiseaux,Charadriiformes,Scolopacidés,0,Courlis corlieu,"Rapaces, oiseaux d’eau, échassiers ou limicoles",2.08
Numenius tenuirostris,Oiseaux,Charadriiformes,Scolopacidés,0,Courlis à bec grèle,"Rapaces, oiseaux d’eau, échassiers ou limicoles",2.08
Phalaropus fulicarius,Oiseaux,Charadriiformes,Scolopacidés,0,Phalarope à bec large,"Rapaces, oiseaux d’eau, échassiers ou limicoles",2.08
Phalaropus lobatus,Oiseaux,Charadriiformes,Scolopacidés,0,Phalarope à bec étroit,"Rapaces, oiseaux d’eau, échassiers ou limicoles",2.08
Philomachus pugnax,Oiseaux,Charadriiformes,Scolopacidés,0,Combattant varié,"Rapaces, oiseaux d’eau, échassiers ou limicoles",2.08
Scolopax rusticola,Oiseaux,Charadriiformes,Scolopacidés,1,Bécasse des bois,"Rapaces, oiseaux d’eau, échassiers ou limicoles",2.08
Tringa cinerea,Oiseaux,Charadriiformes,Scolopacidés,0,Chevalier bargette,"Rapaces, oiseaux d’eau, échassiers ou limicoles",2.08
Tringa erythropus,Oiseaux,Charadriiformes,Scolopacidés,0,Chevalier arlequin,"Rapaces, oiseaux d’eau, échassiers ou limicoles",2.08
Tringa glareola,Oiseaux,Charadriiformes,Scolopacidés,0,Chevalier sylvain,"Rapaces, oiseaux d’eau, échassiers ou limicoles",2.08
Tringa nebularia,Oiseaux,Charadriiformes,Scolopacidés,0,Chevalier aboyeur,"Rapaces, oiseaux d’eau, échassiers ou limicoles",2.08
Tringa ochropus,Oiseaux,Charadriiformes,Scolopacidés,0,Chevalier culblanc,"Rapaces, oiseaux d’eau, échassiers ou limicoles",2.08
Tringa stagnatilis,Oiseaux,Charadriiformes,Scolopacidés,0,Chevalier stagnatile,"Rapaces, oiseaux d’eau, échassiers ou limicoles",2.08
Tringa totanus,Oiseaux,Charadriiformes,Scolopacidés,0,Chevalier gambette,"Rapaces, oiseaux d’eau, échassiers ou limicoles",2.08
Sitta europaea,Oiseaux,Passériformes,Sittidés,0,Sittelle d'Europe,Autres oiseaux et chauves-souris,1.12
Crocidura leucodon,Mammifères,Rodentia,Soricidés,0,Musaraigne bicolore,Mammifères non volants,0
Crocidura russula,Mammifères,Rodentia,Soricidés,0,Musaraigne musette,Mammifères non volants,0
Erinaceus europaeus,Mammifères,Rodentia,Soricidés,0,Hérisson,Mammifères non volants,1.5
Neomys anomalus,Mammifères,Rodentia,Soricidés,0,Musaraigne,Mammifères non volants,0
Neomys fodiens,Mammifères,Rodentia,Soricidés,0,Musaraigne,Mammifères non volants,0
Sorex araneus,Mammifères,Rodentia,Soricidés,0,Musaraigne carrelet,Mammifères non volants,0
Sorex coronatus,Mammifères,Rodentia,Soricidés,0,Musaraigne,Mammifères non volants,0
Sorex minutus,Mammifères,Rodentia,Soricidés,0,Musaraigne,Mammifères non volants,0
Stercorarius longicaudus,Oiseaux,Charadriiformes,Stercorariidés,0,Labbe à longue queue,"Rapaces, oiseaux d’eau, échassiers ou limicoles",3.21
Stercorarius parasiticus,Oiseaux,Charadriiformes,Stercorariidés,0,Labbe parasite,"Rapaces, oiseaux d’eau, échassiers ou limicoles",3.21
Stercorarius pomarinus,Oiseaux,Charadriiformes,Stercorariidés,0,Labbe pomarin,"Rapaces, oiseaux d’eau, échassiers ou limicoles",3.21
Stercorarius skua,Oiseaux,Charadriiformes,Stercorariidés,0,Grand Labbe,"Rapaces, oiseaux d’eau, échassiers ou limicoles",3.21
Chlidonias hybridus,Oiseaux,Passériformes,Sternidés,0,Guifette moustac,"Rapaces, oiseaux d’eau, échassiers ou limicoles",3.21
Chlidonias leucopterus,Oiseaux,Passériformes,Sternidés,0,Guifette leucoptère,"Rapaces, oiseaux d’eau, échassiers ou limicoles",3.21
Chlidonias niger,Oiseaux,Passériformes,Sternidés,0,Guifette noire,"Rapaces, oiseaux d’eau, échassiers ou limicoles",3.21
Gelochelidon nilotica,Oiseaux,Passériformes,Sternidés,0,Sterne hansel,"Rapaces, oiseaux d’eau, échassiers ou limicoles",3.21
Sterna albifrons,Oiseaux,Passériformes,Sternidés,0,Sterne naine,"Rapaces, oiseaux d’eau, échassiers ou limicoles",3.21
Sterna caspia,Oiseaux,Passériformes,Sternidés,0,Sterne caspienne,"Rapaces, oiseaux d’eau, échassiers ou limicoles",3.21
Sterna hirundo,Oiseaux,Passériformes,Sternidés,0,Sterne pierregarin,"Rapaces, oiseaux d’eau, échassiers ou limicoles",3.21
Sterna paradisaea,Oiseaux,Passériformes,Sternidés,0,Sterne arctique,"Rapaces, oiseaux d’eau, échassiers ou limicoles",3.21
Sterna sandvicensis,Oiseaux,Passériformes,Sternidés,0,Sterne caugek,"Rapaces, oiseaux d’eau, échassiers ou limicoles",3.21
Aegolius funereus,Oiseaux,Strigiformes,Strigidés,0,Chouette de Tengmalm,"Rapaces, oiseaux d’eau, échassiers ou limicoles",1.37
Asio flammeus,Oiseaux,Strigiformes,Strigidés,0,Hibou des marais,"Rapaces, oiseaux d’eau, échassiers ou limicoles",1.37
Asio otus,Oiseaux,Strigiformes,Strigidés,0,Hibou moyen-duc,"Rapaces, oiseaux d’eau, échassiers ou limicoles",1.37
Athene noctua,Oiseaux,Strigiformes,Strigidés,0,Chevêche d'Athena,"Rapaces, oiseaux d’eau, échassiers ou limicoles",1.37
Bubo bubo,Oiseaux,Strigiformes,Strigidés,0,Grand-Duc d'Europe,"Rapaces, oiseaux d’eau, échassiers ou limicoles",3
Glaucidium passerinum,Oiseaux,Strigiformes,Strigidés,0,Chevêchette d'Europe ,"Rapaces, oiseaux d’eau, échassiers ou limicoles",1.37
Otus scops,Oiseaux,Strigiformes,Strigidés,0,Petit-duc scops,"Rapaces, oiseaux d’eau, échassiers ou limicoles",1.37
Strix aluco,Oiseaux,Strigiformes,Strigidés,0,Chouette hulotte,"Rapaces, oiseaux d’eau, échassiers ou limicoles",1.37
Surnia ulula,Oiseaux,Strigiformes,Strigidés,0,Chouette épervière,"Rapaces, oiseaux d’eau, échassiers ou limicoles",1.37
Sturnus roseus,Oiseaux,Passériformes,Sturnidés,0,Etourneau roselin,Autres oiseaux et chauves-souris,1.12
Sturnus vulgaris,Oiseaux,Passériformes,Sturnidés,0,Etourneau sansonnet,Autres oiseaux et chauves-souris,1.12
Sus scrofa,Mammifères,Suina,Suidés,1,Sanglier,Mammifères non volants,0
Morus bassanus,Oiseaux,Suliformes,Sulidés,0,Fou de Bassan,"Rapaces, oiseaux d’eau, échassiers ou limicoles",3.21
Sylvia atricapilla,Oiseaux,Passériformes,Sylviidés,0,Fauvette à tête noire,Autres oiseaux et chauves-souris,1.12
Sylvia borin,Oiseaux,Passériformes,Sylviidés,0,Fauvette des jardins,Autres oiseaux et chauves-souris,1.12
Sylvia cantillans,Oiseaux,Passériformes,Sylviidés,0,Fauvette passerinette,Autres oiseaux et chauves-souris,1.12
Sylvia communis,Oiseaux,Passériformes,Sylviidés,0,Fauvette grisette,Autres oiseaux et chauves-souris,1.12
Sylvia curruca,Oiseaux,Passériformes,Sylviidés,0,Fauvette babillarde,Autres oiseaux et chauves-souris,1.12
Sylvia hortensis,Oiseaux,Passériformes,Sylviidés,0,Fauvette orphée,Autres oiseaux et chauves-souris,1.12
Sylvia melanocephala,Oiseaux,Passériformes,Sylviidés,0,Fauvette mélanocéphale,Autres oiseaux et chauves-souris,1.12
Sylvia nisoria,Oiseaux,Passériformes,Sylviidés,0,Fauvette épervière,Autres oiseaux et chauves-souris,1.12
Sylvia undata,Oiseaux,Passériformes,Sylviidés,0,Fauvette pitchou,Autres oiseaux et chauves-souris,1.12
Talpa europaea,Mammifères,Eulipotyphla,Talpidés,0,Taupe,Mammifères non volants,0
Platalea leucorodia,Oiseaux,Pélécaniformes,Threskiornithidés,0,Spatule blanche,"Rapaces, oiseaux d’eau, échassiers ou limicoles",4.09
Plegadis falcinellus,Oiseaux,Pélécaniformes,Threskiornithidés,0,Ibis falcinelle,"Rapaces, oiseaux d’eau, échassiers ou limicoles",4.09
Tichodroma muraria,Oiseaux,Passériformes,Tichodromidés,0,Tichodrome échelette,Autres oiseaux et chauves-souris,1.12
Troglodytes troglodytes,Oiseaux,Passériformes,Troglodytidés,0,Troglodyte mignon,Autres oiseaux et chauves-souris,1.12
Monticola saxatilis,Oiseaux,Passériformes,Turdidé,0,Monticole de roche,Autres oiseaux et chauves-souris,1.12
Turdus iliacus,Oiseaux,Passériformes,Turdidés,0,Grive mauvis,Autres oiseaux et chauves-souris,1.12
Turdus merula,Oiseaux,Passériformes,Turdidés,0,Merle noir,Autres oiseaux et chauves-souris,1.12
Turdus naumanni,Oiseaux,Passériformes,Turdidés,0,Grive de Nauman,Autres oiseaux et chauves-souris,1.12
Turdus obscurus,Oiseaux,Passériformes,Turdidés,0,Grive obscure,Autres oiseaux et chauves-souris,1.12
Turdus philomelos,Oiseaux,Passériformes,Turdidés,0,Grive musicienne,Autres oiseaux et chauves-souris,1.12
Turdus pilaris,Oiseaux,Passériformes,Turdidés,0,Grive litorne,Autres oiseaux et chauves-souris,1.12
Turdus ruficollis,Oiseaux,Passériformes,Turdidés,0,Grive à gorge rousse,Autres oiseaux et chauves-souris,1.12
Turdus torquatus,Oiseaux,Passériformes,Turdidés,0,Merle à plastron,Autres oiseaux et chauves-souris,1.12
Turdus viscivorus,Oiseaux,Passériformes,Turdidés,0,Grive draine,Autres oiseaux et chauves-souris,1.12
Zoothera dauma,Oiseaux,Passériformes,Turdidés,0,Grive dorée,Autres oiseaux et chauves-souris,1.12
Zoothera sibirica,Oiseaux,Passériformes,Turdidés,0,Grive de Sibérie,Autres oiseaux et chauves-souris,1.12
Tyto alba,Oiseaux,Strigiformes,Tytonidés,0,Effraie des clochers,"Rapaces, oiseaux d’eau, échassiers ou limicoles",1.37
Upupa epops,Oiseaux,Bucérotiformes,Upudidés,0,Huppe fasciée,Autres oiseaux et chauves-souris,1.12
Barbastella barbastellus,Mammifères,Chiroptera,Verspertilionidés,0,Barbastelle,Autres oiseaux et chauves-souris,0.75
Eptesicus nilssonii,Mammifères,Chiroptera,Verspertilionidés,0,Murin,Autres oiseaux et chauves-souris,0.75
Eptesicus serotinus,Mammifères,Chiroptera,Verspertilionidés,0,Sérotine commune,Autres oiseaux et chauves-souris,0.75
Myotis alcathoe,Mammifères,Chiroptera,Verspertilionidés,0,Murin,Autres oiseaux et chauves-souris,0.75
Myotis bechsteinii,Mammifères,Chiroptera,Verspertilionidés,0,Murin,Autres oiseaux et chauves-souris,0.75
Myotis brandtii,Mammifères,Chiroptera,Verspertilionidés,0,Murin,Autres oiseaux et chauves-souris,0.75
Myotis dasycneme,Mammifères,Chiroptera,Verspertilionidés,0,Murin,Autres oiseaux et chauves-souris,0.75
Myotis daubentonii,Mammifères,Chiroptera,Verspertilionidés,0,Murin de Daubenton,Autres oiseaux et chauves-souris,0.75
Myotis emarginatus,Mammifères,Chiroptera,Verspertilionidés,0,Murin,Autres oiseaux et chauves-souris,0.75
Myotis myotis,Mammifères,Chiroptera,Verspertilionidés,0,Murin,Autres oiseaux et chauves-souris,0.75
Myotis mystacinus,Mammifères,Chiroptera,Verspertilionidés,0,Murin,Autres oiseaux et chauves-souris,0.75
Myotis nattereri,Mammifères,Chiroptera,Verspertilionidés,0,Murin,Autres oiseaux et chauves-souris,0.75
Nyctalus leisleri,Mammifères,Chiroptera,Verspertilionidés,0,Noctule,Autres oiseaux et chauves-souris,0.75
Nyctalus noctula,Mammifères,Chiroptera,Verspertilionidés,0,Noctule commune,Autres oiseaux et chauves-souris,0.75
Pipistrellus kuhlii,Mammifères,Chiroptera,Verspertilionidés,0,Pipistrelle,Autres oiseaux et chauves-souris,0.75
Pipistrellus nathusii,Mammifères,Chiroptera,Verspertilionidés,0,Pipistrelle,Autres oiseaux et chauves-souris,0.75
Pipistrellus pipistrellus,Mammifères,Chiroptera,Verspertilionidés,0,Pipistrelle,Autres oiseaux et chauves-souris,0.75
Pipistrellus pygmaeus,Mammifères,Chiroptera,Verspertilionidés,0,Pipistrelle,Autres oiseaux et chauves-souris,0.75
Plecotus auritus,Mammifères,Chiroptera,Verspertilionidés,0,Oreillard roux,Autres oiseaux et chauves-souris,0.75
Plecotus austriacus,Mammifères,Chiroptera,Verspertilionidés,0,Oreillard,Autres oiseaux et chauves-souris,0.75
Vespertilio murinus,Mammifères,Chiroptera,Verspertilionidés,0,Serotine bicolore,Autres oiseaux et chauves-souris,0.75
Genetta genetta,Mammifères,Viverroidea,Viverridés,0,Genette,Mammifères non volants,0
Anser,Oiseaux,Ansériformes,Anatidés,0,Oie domestique,Domestique,0
oisillon,Oiseaux,oisillon,oisillon,0,oisillon,Autres oiseaux et chauves-souris,0
Coronella austriaca,Reptiles,Squamata,Colubridae,0,Coronelle lisse,Autres que oiseaux et mammifères,0
Natrix natrix,Reptiles,Squamata,Natricidae,0,Couleuvre à collier,Autres que oiseaux et mammifères,0
Podarcis muralis,Reptiles,Squamata,Lacertidae,0,Lézard des murailles,Autres que oiseaux et mammifères,0
Lacerta agilis,Reptiles,Squamata,Lacertidae,0,Lézard des souches,Autres que oiseaux et mammifères,0
Zootoca vivipara,Reptiles,Squamata,Lacertidae,0,Lézard vivipare,Autres que oiseaux et mammifères,0
Anguis fragilis,Reptiles,Squamata,Anguidae,0,Orvet fragile ,Autres que oiseaux et mammifères,0
Trachemys scripta,Reptiles,Testudines,Emydidae,0,Tortue de Floride,invasif préocupant,0
Vipera berus,Reptiles,Squamata,Viperidae,0,Vipère péliade,Autres que oiseaux et mammifères,0
Alytes obstetricans,Amphibiens,Anura,Alytidae,0,Alyte accoucheur,Autres que oiseaux et mammifères,0
Bufo calamita,Amphibiens,Anura,Bufonidae,0,Crapaud calamite,Autres que oiseaux et mammifères,0
Bufo bufo,Amphibiens,Anura,Bufonidae,0,Crapaud commun,Autres que oiseaux et mammifères,0
Rana dalmatina,Amphibiens,Anura,Ranidae,0,Grenouille agile,Autres que oiseaux et mammifères,0
Pelophylax lessonae,Amphibiens,Anura,Ranidae,0,Grenouille de Lessona,Autres que oiseaux et mammifères,0
Pelophylax ridibundus,Amphibiens,Anura,Ranidae,0,Grenouille rieuse,Autres que oiseaux et mammifères,0
Rana temporaria,Amphibiens,Anura,Ranidae,0,Grenouille rousse,Autres que oiseaux et mammifères,0
Pelophylax kl. esculentus,Amphibiens,Anura,Ranidae,0,Grenouille verte,Autres que oiseaux et mammifères,0
Pelobates fuscus,Amphibiens,Anura,Pelobatidae,0,Pélobate brun,Autres que oiseaux et mammifères,0
Hyla arborea,Amphibiens,Anura,Hylidae,0,Rainette verte,Autres que oiseaux et mammifères,0
Salamandra salamandra,Amphibiens,Caudata,Salamandridae,0,Salamandre tachetée,Autres que oiseaux et mammifères,0
Bombina variegata,Amphibiens,Anura,Bombinatoridae,0,Sonneur à ventre jaune,Autres que oiseaux et mammifères,0
Ichthyosaura alpestris,Amphibiens,Caudata,Salamandridae,0,Triton alpestre,Autres que oiseaux et mammifères,0
Triturus cristatus,Amphibiens,Caudata,Salamandridae,0,Triton crêté,Autres que oiseaux et mammifères,0
Lissotriton helveticus,Amphibiens,Caudata,Salamandridae,0,Triton palmé,Autres que oiseaux et mammifères,0
Lissotriton vulgaris,Amphibiens,Caudata,Salamandridae,0,Triton ponctué,Autres que oiseaux et mammifères,0
Lithobates catesbeianus,Amphibiens,Anura,Ranidae,0,Grenouille taureau,invasif préocupant,0
Xenopus laevis,Amphibiens,Anura,Pipidae,0,Xénope lisse,invasif préocupant,0
Parabuteo unicinctus,Oiseaux,Accipitriformes,Accipitridés,0,Buse de harris,Exotique,0
Anas platyrhynchos domesticus CI,Oiseaux,Ansériformes,Anatidés,0,Coureur indien,Domestique,0
Melopsittacus undulatus,Oiseaux,Psittaciformes,Psittaculidée,0,Perruche ondulée,Exotique,0
Oryctolagus cuniculus domesticus,Mammifères,Lagomorpha,Léporidés,0,Lapin domestique,Domestique,0
tortues aquatiques,Reptiles,Testudines,Emydidae,0,tortues aquatiques,Exotique,0
Anas platyrhynchos domesticus,Oiseaux,Ansériformes,Anatidés,0,Canard domestique,Domestique,0
Cairina moschata,Oiseaux,Ansériformes,Anatidés,0,Canard de barbarie,Domestique,0
Alectoris fufa,Oiseaux,Galliformes,Phasianidés,0,Perdrix rouge,Exotique,0